{"stats":{"minecraft:used":{"minecraft:torch":12,"minecraft:chest":2,"immersiveengineering:capacitor_mv":1,"refinedstorage:wireless_crafting_monitor":1,"refinedstorage:crafting_grid":1,"refinedstorage:disk_drive":3,"refinedstorage:crafting_monitor":2,"refinedstorage:wireless_transmitter":1,"minecraft:grass_block":1,"refinedstorage:white_creative_controller":1},"minecraft:custom":{"minecraft:jump":14,"minecraft:open_chest":1,"minecraft:time_since_rest":15606,"minecraft:crouch_one_cm":49,"minecraft:play_one_minute":15606,"minecraft:leave_game":8,"minecraft:sprint_one_cm":4504,"minecraft:time_since_death":15606,"minecraft:walk_one_cm":7959,"minecraft:sneak_time":273,"minecraft:fly_one_cm":19896}},"DataVersion":2586}