{
  "twilightforest:alt/major_landmarks/naga_courtyard": {
    "criteria": {
      "discover": "2021-04-17 19:49:40 -0400"
    },
    "done": true
  },
  "twilightforest:alt/major_landmarks/hedge_maze": {
    "criteria": {
      "discover": "2021-04-17 19:49:40 -0400"
    },
    "done": true
  },
  "refinedstorage:wireless": {
    "criteria": {
      "wireless_transmitter_in_inventory": "2021-04-17 19:39:04 -0400"
    },
    "done": true
  },
  "minecraft:recipes/decorations/chest": {
    "criteria": {
      "has_lots_of_items": "2021-04-17 19:37:57 -0400"
    },
    "done": true
  },
  "twilightforest:alt/major_landmarks/quest_grove": {
    "criteria": {
      "discover": "2021-04-17 19:49:40 -0400"
    },
    "done": true
  },
  "twilightforest:alt/major_landmarks/large_hollow_hill": {
    "criteria": {
      "discover": "2021-04-17 19:49:40 -0400"
    },
    "done": true
  },
  "twilightforest:alt/major_landmarks/medium_hollow_hill": {
    "criteria": {
      "discover": "2021-04-17 19:49:40 -0400"
    },
    "done": true
  },
  "twilightforest:alt/major_landmarks/lich_tower": {
    "criteria": {
      "discover": "2021-04-17 19:49:40 -0400"
    },
    "done": true
  },
  "twilightforest:alt/major_landmarks/ice_tower": {
    "criteria": {
      "discover": "2021-04-17 19:49:40 -0400"
    },
    "done": true
  },
  "refinedstorage:drives": {
    "criteria": {
      "disk_drive_in_inventory": "2021-04-17 19:34:48 -0400"
    },
    "done": true
  },
  "twilightforest:alt/major_landmarks/small_hollow_hill": {
    "criteria": {
      "discover": "2021-04-17 19:49:40 -0400"
    },
    "done": true
  },
  "refinedstorage:wireless_monitoring": {
    "criteria": {
      "wireless_crafting_monitor_in_inventory": "2021-04-17 19:38:27 -0400"
    },
    "done": true
  },
  "twilightforest:alt/major_landmarks/mushroom_tower": {
    "criteria": {
      "discover": "2021-04-17 19:49:40 -0400"
    },
    "done": true
  },
  "refinedstorage:upgrading_your_grid": {
    "criteria": {
      "crafting_grid_in_inventory": "2021-04-17 19:39:57 -0400"
    },
    "done": true
  },
  "twilightforest:alt/major_landmarks/yeti_lairs": {
    "criteria": {
      "discover": "2021-04-17 19:49:40 -0400"
    },
    "done": true
  },
  "refinedstorage:monitoring": {
    "criteria": {
      "crafting_monitor_in_inventory": "2021-04-17 19:38:24 -0400"
    },
    "done": true
  },
  "twilightforest:alt/major_landmarks/final_castle": {
    "criteria": {
      "discover": "2021-04-17 19:49:40 -0400"
    },
    "done": true
  },
  "twilightforest:alt/major_landmarks/dark_tower": {
    "criteria": {
      "discover": "2021-04-17 19:49:40 -0400"
    },
    "done": true
  },
  "twilightforest:alt/major_landmarks/hollow_hills": {
    "criteria": {
      "2": "2021-04-17 19:49:40 -0400"
    },
    "done": true
  },
  "twilightforest:alt/major_landmarks/hydra_lair": {
    "criteria": {
      "discover": "2021-04-17 19:49:40 -0400"
    },
    "done": true
  },
  "minecraft:adventure/adventuring_time": {
    "criteria": {
      "minecraft:deep_cold_ocean": "2021-04-17 19:00:13 -0400",
      "minecraft:beach": "2021-04-17 19:00:12 -0400",
      "minecraft:plains": "2021-04-17 18:50:57 -0400"
    },
    "done": false
  },
  "DataVersion": 2586
}